"ID","Data","Produto","Categoria","Quantidade","Preco"
1,2023-01-09,"Camiseta","Roupas",2,29.99
2,2023-02-15,"Calça","Roupas",3,59.99
3,2023-03-10,"Tênis","Acessórios",1,19.99
6,2023-05-05,"Relógio","Acessórios",1,59.99
9,2023-06-16,"Camiseta","Roupas",2,79.99
10,2023-06-29,"Camiseta","Roupas",1,19.99
11,2023-06-30,"Tênis","Acessórios",1,19.99
15,2023-07-09,"Boné","Acessórios",2,99.99
16,2023-07-11,"Colar","Acessórios",3,19.99
17,2023-07-14,"Colar","Acessórios",2,59.99
18,2023-07-15,"Colar","Acessórios",2,59.99
19,2023-07-20,"Relógio","Acessórios",3,19.99
20,2023-07-24,"Boné","Acessórios",2,99.99
21,2023-07-28,"Relógio","Acessórios",3,59.99
22,2023-07-30,"Camiseta","Roupas",4,79.99
24,2023-08-04,"Relógio","Acessórios",1,89
25,2023-08-10,"Boné","Acessórios",1,99
26,2023-08-12,"Relógio","Acessórios",2,89
27,2023-08-13,"Calça","Roupas",3,99
28,2023-08-19,"Camiseta","Roupas",4,49
29,2023-08-20,"Colar","Acessórios",2,99
30,2023-08-21,"Relógio","Acessórios",3,59
31,2023-08-29,"Camiseta","Roupas",4,99
32,2023-09-03,"Calça","Roupas",1,99
33,2023-09-22,"Calça","Roupas",1,99
34,2023-10-26,"Relógio","Acessórios",2,29
35,2023-10-29,"Colar","Acessórios",4,99
36,2023-11-01,"Boné","Acessórios",1,59
37,2023-11-04,"Relógio","Acessórios",1,99
38,2023-11-14,"Calça","Roupas",2,99
39,2023-11-16,"Calça","Roupas",3,99
40,2023-11-20,"Relógio","Acessórios",2,29
41,2023-12-01,"Colar","Acessórios",3,99
42,2023-12-02,"Calça","Roupas",2,19.99
43,2023-12-04,"Calça","Roupas",3,19.99
44,2023-12-07,"Calça","Roupas",4,99.99
45,2023-12-14,"Camiseta","Roupas",3,59.99
46,2023-12-15,"Colar","Acessórios",4,79.99
47,2023-12-17,"Tênis","Acessórios",2,79
48,2023-12-19,"Colar","Acessórios",4,99
49,2023-12-20," Camiseta","Roupas",3,89
50,2023-12-24,"Calça","Roupas",4,99
